1,Annabell,Cicconetti,acicconetti0@example.com,Female,219.207.16.2
2,Silvana,Glasman,sglasman1@house.gov,Female,233.214.135.18
3,Rebeka,Redmile,rredmile2@utexas.edu,Female,121.106.165.14
4,Veriee,Jovis,vjovis3@japanpost.jp,Female,43.217.63.173
5,Melitta,Hanburry,mhanburry4@aboutads.info,Female,42.204.168.27
6,Alethea,Webben,awebben5@hatena.ne.jp,Female,189.126.43.49
7,Saxe,Leary,sleary6@behance.net,Male,95.156.25.21
8,Ario,Brabyn,abrabyn7@pcworld.com,Male,220.226.164.176
9,Marybeth,Ughelli,mughelli8@mit.edu,Female,251.234.218.207
10,Gothart,Tassell,gtassell9@freewebs.com,Male,247.146.121.230
11,Fairlie,Beevis,fbeevisa@stanford.edu,Male,161.219.190.148
12,Skippie,Station,sstationb@wikipedia.org,Male,178.184.167.113
13,Ashla,Tett,atettc@nature.com,Female,209.125.39.161
14,Belinda,Olin,bolind@discovery.com,Female,222.234.181.134
15,Laurianne,Ledgerton,lledgertone@google.co.uk,Female,184.56.226.2
16,Angele,Rhodus,arhodusf@ca.gov,Female,112.66.128.23
17,Meridith,Pena,mpenag@biblegateway.com,Female,163.227.38.120
18,Romola,Erbe,rerbeh@networksolutions.com,Female,184.50.183.25
19,Damien,Cominotti,dcominottii@naver.com,Male,122.62.139.51
20,Lou,Clemerson,lclemersonj@sfgate.com,Female,176.117.18.82
21,Donall,Lorence,dlorencek@shutterfly.com,Male,153.209.179.90
22,Maribeth,Sloam,msloaml@cbslocal.com,Female,177.119.164.156
23,Fowler,Pethybridge,fpethybridgem@vinaora.com,Male,58.228.162.249
24,Jarred,Haxley,jhaxleyn@ox.ac.uk,Male,26.74.46.200
25,Natalie,Outright,noutrighto@businessinsider.com,Female,181.218.16.217
26,Cloe,Devitt,cdevittp@gmpg.org,Female,109.68.184.211
27,Shane,Farmer,sfarmerq@ucsd.edu,Male,198.230.29.69
28,Iorgo,Thrower,ithrowerr@nsw.gov.au,Male,103.213.212.70
29,Letty,Dakhno,ldakhnos@pagesperso-orange.fr,Female,32.245.196.9
30,Woodrow,Flageul,wflageult@nsw.gov.au,Male,105.129.139.220
31,Franchot,Large,flargeu@statcounter.com,Male,219.98.60.51
32,Anna-diana,Callam,acallamv@51.la,Female,59.121.52.69
33,Benoit,Scallon,bscallonw@etsy.com,Male,227.53.63.103
34,Lavinie,Lovelady,lloveladyx@constantcontact.com,Female,227.20.131.192
35,Timoteo,Laurentino,tlaurentinoy@techcrunch.com,Male,149.251.44.30
36,Robers,Cassella,rcassellaz@google.pl,Male,179.219.60.199
37,Arnoldo,Eakly,aeakly10@live.com,Male,189.110.238.26
38,Janis,Didball,jdidball11@shinystat.com,Female,105.74.199.165